{
  "languages": [
    {
      "Id": 0,
      "CategoryName": "RussianDefault"
    },
    {
      "Id": 1,
      "CategoryName": "NoTranslation"
    },
    {
      "Id": 2,
      "CategoryName": "Czech"
    },
    {
      "Id": 3,
      "CategoryName": "English"
    },
    {
      "Id": 4,
      "CategoryName": "Greek"
    },
    {
      "Id": 5,
      "CategoryName": "Serbian"
    },
    {
      "Id": 6,
      "CategoryName": "Bulgarian"
    },
    {
      "Id": 7,
      "CategoryName": "Ukrainian"
    },
    {
      "Id": 8,
      "CategoryName": "Latvian"
    },
    {
      "Id": 9,
      "CategoryName": "Romanian"
    },
    {
      "Id": 10,
      "CategoryName": "German"
    },
    {
      "Id": 11,
      "CategoryName": "Hungarian"
    },
    {
      "Id": 12,
      "CategoryName": "Chinese"
    },
    {
      "Id": 13,
      "CategoryName": "Polish"
    },
    {
      "Id": 14,
      "CategoryName": "Georgian"
    },
    {
      "Id": 15,
      "CategoryName": "Turkish"
    },
    {
      "Id": 16,
      "CategoryName": "Armenian"
    },
    {
      "Id": 17,
      "CategoryName": "Italian"
    },
    {
      "Id": 18,
      "CategoryName": "French"
    },
    {
      "Id": 19,
      "CategoryName": "Persian"
    },
    {
      "Id": 20,
      "CategoryName": "Arabic"
    },
    {
      "Id": 21,
      "CategoryName": "Estonian"
    }
  ],
  "tour": [
    {
      "currency": "EUR",
      "hasOffer": true,
      "hotels": [],
      "isPremium": true,
      "isRecommended": true,
      "tourName": "Great tour name",
      "tourCode": "79fc4bc1ec369fb2861fa67ce3970dab",
      "price": [
        {
          "value": 252,
          "currency": "EUR"
        },
        {
          "value": 28636,
          "currency": "RUB"
        }
      ],
      "previousPrice": [
        {
          "value": 243,
          "currency": "EUR"
        },
        {
          "value": 24636,
          "currency": "RUB"
        }
      ],
      "showDiscount": true,
      "dateBegin": "2011-12-19",
      "nights": 10
    }
  ],
  "hotel": [
    {
      "id": 5223,
      "title": "Bomo Club Palmariva Beach",
      "stars": "4",
      "region": "",
      "city": "",
      "rating": "5",
      "reviews": "",
      "image":
        "https://d3tbdp5zbjzb8t.cloudfront.net/userfiles/hotels/pictureshd/693/693_palmariva-eretria-hotel_99124.jpeg",
      "location": [
        {
          "lat": 21.3226,
          "lon": 37.7069
        }
      ],
      "meals": [
        {
          "id": 0,
          "title": "HB"
        }
      ],
      "roomType": [
        {
          "id": 0,
          "title": "UL"
        }
      ],
      "facilities": [
        {
          "id": 0,
          "title": "facility title"
        }
      ],
      "url": "hotel url"
    },
    {
      "id": 2,
      "image": "Aldemar Royal Olympian Suites",
      "title": "",
      "stars": "",
      "region": "",
      "city": "",
      "rating": "5",
      "reviews": "",
      "location": [
        {
          "lat": 0,
          "lon": 0
        }
      ],
      "meals": [
        {
          "id": 0,
          "title": "meal title"
        }
      ],
      "roomType": [
        {
          "id": 0,
          "title": "roomType title"
        }
      ],
      "facilities": [
        {
          "id": 0,
          "title": "facility title"
        }
      ],
      "url": "hotel url"
    }
  ],
  "countries": [
    {
      "Armenia": [
        "Abovyan",
        "Agarak",
        "Apaga",
        "Aparan",
        "Arabkir",
        "Ashtarak",
        "Erebuni Fortress",
        "Hrazdan",
        "Ijevan",
        "Jermuk",
        "Kapan",
        "Tsaghkadzor",
        "Vanadzor",
        "Yerevan"
      ]
    },
    {
      "Greece": [
        "Aegina",
        "Agioi Anargyroi",
        "Agios Nikolaos",
        "Agrinio",
        "Aigaleo",
        "Aigio",
        "Alexandreia",
        "Alexandroupoli",
        "Aliartos",
        "Alimos",
        "Amaliada",
        "Anavyssos",
        "Andravida",
        "Ano Liosia",
        "Archaia Nemea",
        "Argos",
        "Argostoli",
        "Argyroupoli",
        "Arta",
        "Aspropyrgos",
        "Athens",
        "Attica",
        "Ayios Stefanos",
        "Chalcis",
        "Chania",
        "Chania",
        "Chios",
        "Cholargos",
        "Corfu",
        "Corinth",
        "Dafni",
        "Dionysos",
        "Drama",
        "Ekali",
        "Elassona",
        "Elefsina",
        "Elliniko",
        "Eretria",
        "Farsala",
        "Filippiada",
        "Filothei",
        "Florina",
        "Galatsi",
        "Giannitsa",
        "Glyfada",
        "Gonnoi",
        "Goumenissa",
        "Heraklion",
        "Hydra",
        "Ialysos",
        "Ierapetra",
        "Igoumenitsa",
        "Ioannina",
        "Kaisariani",
        "Kalamaria",
        "Kalamata",
        "Kalamos",
        "Kallithea",
        "Kalymnos",
        "Kamatero",
        "Karditsa",
        "Kassiopi",
        "Kastoria",
        "Katerini",
        "Kavala",
        "Keratea",
        "Keratsini",
        "Kifissia",
        "Kilkis",
        "Komotini",
        "Koropi",
        "Kos",
        "Kouvaras",
        "Kozani",
        "Kranidi",
        "Kryonerion",
        "Kymi",
        "Lamia",
        "Larisa",
        "Lefkada",
        "Lefkimmi",
        "Leontario",
        "Litochoro",
        "Lixouri",
        "Loutraki",
        "Lykovrysi",
        "Magoula",
        "Makrygialos",
        "Mandra",
        "Marathon",
        "Markopoulo Mesogaias",
        "Megalochari",
        "Megara",
        "Melissia",
        "Mesagros",
        "Messolonghi",
        "Metaxades",
        "Moires",
        "Mytilene",
        "Nafpaktos",
        "Nafplion",
        "Naousa",
        "Naxos",
        "Nea Alikarnassos",
        "Nea Filadelfeia",
        "Nea Ionia",
        "Nea Kios",
        "Nea Makri",
        "Nea Peramos",
        "Nea Smyrni",
        "Nikaia",
        "Orestiada",
        "Ormylia",
        "Oropos",
        "Paiania",
        "Pallini",
        "Paloukia",
        "Panorama",
        "Parga",
        "Patmos",
        "Pefki",
        "Pella",
        "Perama",
        "Peristeri",
        "Peristeri",
        "Pikermi",
        "Piraeus",
        "Platy",
        "Polichni",
        "Porto Rafti",
        "Preveza",
        "Psychiko",
        "Ptolemaida",
        "Pylaia",
        "Pyrgos",
        "Rafina",
        "Rethymno",
        "Rhodes",
        "Rio",
        "Salamina",
        "Samothraki",
        "Serres",
        "Servia",
        "Sindos",
        "Skala",
        "Skala Oropou",
        "Skiathos",
        "Sparta",
        "Spata",
        "Symi",
        "Tavros",
        "Thebes",
        "Thermi",
        "Thessaloniki",
        "Tinos",
        "Trikala",
        "Tripoli",
        "Vari",
        "Varkiza",
        "Vergina",
        "Veroia",
        "Volos",
        "Voula",
        "Vouliagmeni",
        "Xanthi",
        "Xylokastro",
        "Zakynthos"
      ]
    }
  ],
  "cities": [
    {
      "countryId": 460,
      "id": 1,
      "name": " Москва",
      "nameEng": "Moscow",
      "code": "MOW"
    },
    {
      "countryId": 29,
      "id": 195,
      "name": "Ираклион",
      "nameEng": "Heraklion",
      "code": "HER"
    },
    {
      "countryId": 3272,
      "id": 216,
      "name": "Алматы",
      "nameEng": "Almaty",
      "code": "ALA"
    },
    {
      "countryId": 3272,
      "id": 217,
      "name": "Астана",
      "nameEng": "Astana",
      "code": "TSE"
    },
    {
      "countryId": 5,
      "id": 218,
      "name": "Киев",
      "nameEng": "Kiev",
      "code": "IEV"
    },
    {
      "countryId": 5,
      "id": 219,
      "name": "Днепропетровск",
      "nameEng": "Dnepropetrovsk",
      "code": "DNK"
    },
    {
      "countryId": 460,
      "id": 232,
      "name": "Самара",
      "nameEng": "Samara",
      "code": "KUF"
    },
    {
      "countryId": 460,
      "id": 234,
      "name": "Нижний Новгород",
      "nameEng": "Nizhny Novgorod",
      "code": "GOJ"
    },
    {
      "countryId": 460,
      "id": 238,
      "name": "Казань",
      "nameEng": "Kazan",
      "code": "KZN"
    },
    {
      "countryId": 460,
      "id": 260,
      "name": "Ростов-на-Дону",
      "nameEng": "Rostov-on-Don",
      "code": "ROV"
    },
    {
      "countryId": 460,
      "id": 263,
      "name": "Пермь",
      "nameEng": "Perm",
      "code": "PEE"
    },
    {
      "countryId": 460,
      "id": 265,
      "name": "Белгород",
      "nameEng": "Belgorod",
      "code": "EGO"
    },
    {
      "countryId": 460,
      "id": 266,
      "name": "Екатеринбург",
      "nameEng": "Ekaterinburg",
      "code": "SVX"
    },
    {
      "countryId": 460,
      "id": 269,
      "name": "Красноярск",
      "nameEng": "Krasnoyarsk",
      "code": "KJA"
    },
    {
      "countryId": 460,
      "id": 295,
      "name": "Санкт-Петербург",
      "nameEng": "St.Petersburg",
      "code": "LED"
    },
    {
      "countryId": 460,
      "id": 299,
      "name": "Архангельск",
      "nameEng": "Arkhangelsk",
      "code": "ARH"
    },
    {
      "countryId": 460,
      "id": 305,
      "name": "Омск",
      "nameEng": "Omsk",
      "code": "OMS"
    },
    {
      "countryId": 460,
      "id": 306,
      "name": "Калининград",
      "nameEng": "Kaliningrad",
      "code": "KGD"
    },
    {
      "countryId": 460,
      "id": 307,
      "name": "Томск",
      "nameEng": "Tomsk",
      "code": "TOF"
    },
    {
      "countryId": 460,
      "id": 308,
      "name": "Пенза",
      "nameEng": "Penza",
      "code": "PEZ"
    },
    {
      "countryId": 5,
      "id": 310,
      "name": "Харьков",
      "nameEng": "Kharkiv",
      "code": "HRK"
    },
    {
      "countryId": 460,
      "id": 312,
      "name": "Астрахань",
      "nameEng": "Astrakhan",
      "code": "ASF"
    },
    {
      "countryId": 460,
      "id": 313,
      "name": "Краснодар",
      "nameEng": "Krasnodar",
      "code": "KRR"
    },
    {
      "countryId": 460,
      "id": 324,
      "name": "Новосибирск",
      "nameEng": "Novosibirsk",
      "code": "OVB"
    },
    {
      "countryId": 460,
      "id": 329,
      "name": "Владивосток",
      "nameEng": "Vladivostok",
      "code": "VVO"
    },
    {
      "countryId": 460,
      "id": 334,
      "name": "Хабаровск",
      "nameEng": "Khabarovks",
      "code": ""
    },
    {
      "countryId": 460,
      "id": 345,
      "name": "Оренбург",
      "nameEng": "Orenburg",
      "code": "REN"
    },
    {
      "countryId": 460,
      "id": 350,
      "name": "Иркутск",
      "nameEng": "Irkutsk",
      "code": "IKT"
    },
    {
      "countryId": 460,
      "id": 358,
      "name": "Волгоград",
      "nameEng": "Volgograd",
      "code": "VOG"
    },
    {
      "countryId": 5,
      "id": 446,
      "name": "Донецк",
      "nameEng": "Donetsk",
      "code": "DOK"
    },
    {
      "countryId": 375,
      "id": 448,
      "name": "Минск",
      "nameEng": "Minsk",
      "code": "MSQ"
    },
    {
      "countryId": 3272,
      "id": 452,
      "name": "Караганда",
      "nameEng": "Karaganda",
      "code": "KGF"
    },
    {
      "countryId": 460,
      "id": 454,
      "name": "Сочи",
      "nameEng": "Sochi",
      "code": "AER"
    },
    {
      "countryId": 5,
      "id": 461,
      "name": "Запорожье",
      "nameEng": "Zaporozhye",
      "code": "OZH"
    },
    {
      "countryId": 5,
      "id": 462,
      "name": "Одесса",
      "nameEng": "Odessa",
      "code": "ODS"
    },
    {
      "countryId": 5,
      "id": 463,
      "name": "Луганск",
      "nameEng": "Lugansk",
      "code": "VSG"
    },
    {
      "countryId": 3272,
      "id": 479,
      "name": "Усть-Каменогорск",
      "nameEng": "Ust-Kamenogorsk",
      "code": "UKK"
    },
    {
      "countryId": 372,
      "id": 489,
      "name": "Таллин",
      "nameEng": "Tallinn",
      "code": "TLL"
    },
    {
      "countryId": 359,
      "id": 537,
      "name": "Банско",
      "nameEng": "Bansko",
      "code": "BNK"
    },
    {
      "countryId": 460,
      "id": 564,
      "name": "Анапа",
      "nameEng": "Anapa",
      "code": ""
    },
    {
      "countryId": 29,
      "id": 615,
      "name": "Салоники",
      "nameEng": "Thessaloniki",
      "code": "SKG"
    },
    {
      "countryId": 460,
      "id": 618,
      "name": "Тюмень",
      "nameEng": "Tyumen",
      "code": "TJM"
    },
    {
      "countryId": 29,
      "id": 619,
      "name": "Афины",
      "nameEng": "Athens",
      "code": "ATH"
    },
    {
      "countryId": 460,
      "id": 623,
      "name": "Саратов",
      "nameEng": "Saratov",
      "code": "RTW"
    },
    {
      "countryId": 460,
      "id": 629,
      "name": "Брянск",
      "nameEng": "Bryansk",
      "code": "BZK"
    },
    {
      "countryId": 460,
      "id": 632,
      "name": "Нижневартовск",
      "nameEng": "Nizhnevartovsk",
      "code": "NJC"
    },
    {
      "countryId": 460,
      "id": 633,
      "name": "Воронеж",
      "nameEng": "Voronezh",
      "code": "VOZ"
    },
    {
      "countryId": 460,
      "id": 635,
      "name": "Барнаул",
      "nameEng": "Barnaul",
      "code": "BAX"
    },
    {
      "countryId": 460,
      "id": 637,
      "name": "Жуковский",
      "nameEng": "Zhukovskii",
      "code": "ZIA"
    },
    {
      "countryId": 460,
      "id": 638,
      "name": "Ульяновск",
      "nameEng": "Ulyanovsk",
      "code": "ULY"
    },
    {
      "countryId": 460,
      "id": 645,
      "name": "Ижевск",
      "nameEng": "Izhevsk",
      "code": ""
    },
    {
      "countryId": 460,
      "id": 646,
      "name": "Тольятти",
      "nameEng": "Tolyatti",
      "code": "TVC"
    },
    {
      "countryId": 460,
      "id": 649,
      "name": "Челябинск",
      "nameEng": "Chelyabinsk",
      "code": "CEK"
    },
    {
      "countryId": 460,
      "id": 650,
      "name": "Кемерово",
      "nameEng": "Kemerovo",
      "code": ""
    },
    {
      "countryId": 460,
      "id": 655,
      "name": "Набережные Челны",
      "nameEng": "Naberezhnye Chelny",
      "code": ""
    },
    {
      "countryId": 460,
      "id": 665,
      "name": "Уфа",
      "nameEng": "Ufa",
      "code": "UFA"
    },
    {
      "countryId": 460,
      "id": 678,
      "name": "Липецк",
      "nameEng": "Lipetsk",
      "code": "LPK"
    },
    {
      "countryId": 460,
      "id": 690,
      "name": "Сургут",
      "nameEng": "Surgut",
      "code": "SGC"
    },
    {
      "countryId": 460,
      "id": 707,
      "name": "Магнитогорск",
      "nameEng": "Magnitogorsk",
      "code": "MQF"
    },
    {
      "countryId": 460,
      "id": 711,
      "name": "Пятигорск",
      "nameEng": "Pyatigorsk",
      "code": "PYA"
    },
    {
      "countryId": 460,
      "id": 734,
      "name": "Новокузнецк",
      "nameEng": "Novokuznetsk",
      "code": "NOZ"
    },
    {
      "countryId": 460,
      "id": 762,
      "name": "Неизвестный",
      "nameEng": "No Name",
      "code": ""
    },
    {
      "countryId": 460,
      "id": 765,
      "name": "Ханты-Мансийск",
      "nameEng": "Khanty-Mansiisk",
      "code": "HMA"
    },
    {
      "countryId": 460,
      "id": 828,
      "name": "Ставрополь",
      "nameEng": "Stavropol",
      "code": "STW"
    },
    {
      "countryId": 29,
      "id": 860,
      "name": "о. Родос",
      "nameEng": "isl. Rhodes",
      "code": "RHO"
    },
    {
      "countryId": 3272,
      "id": 862,
      "name": "Павлодар",
      "nameEng": "Pavlodar",
      "code": "PWQ"
    },
    {
      "countryId": 460,
      "id": 867,
      "name": "Чита",
      "nameEng": "Chita",
      "code": ""
    },
    {
      "countryId": 29,
      "id": 898,
      "name": "  Халкидики-Кассандра",
      "nameEng": "Chalkidiki-Kassandra",
      "code": "KSD"
    },
    {
      "countryId": 29,
      "id": 901,
      "name": "  Халкидики-Ситония",
      "nameEng": "Chalkidiki-Sithonia",
      "code": "STH"
    },
    {
      "countryId": 29,
      "id": 902,
      "name": "  Халкидики-Афон",
      "nameEng": "Chalkidiki-Athos",
      "code": "MAT"
    },
    {
      "countryId": 29,
      "id": 903,
      "name": "  Халкидики-Калликратия",
      "nameEng": "Chalkidiki-Kallikratia",
      "code": "NKL"
    },
    {
      "countryId": 29,
      "id": 906,
      "name": "Олимпийская Ривьера (Пиерия, вкл.Паралия-Катерини)",
      "nameEng": "Olympic Riviera (Pieria)",
      "code": "PIR"
    },
    {
      "countryId": 29,
      "id": 910,
      "name": "Аттика",
      "nameEng": "Attica",
      "code": "ATK"
    },
    {
      "countryId": 29,
      "id": 913,
      "name": "о. Корфу",
      "nameEng": "isl. Corfu",
      "code": "CFU"
    },
    {
      "countryId": 29,
      "id": 914,
      "name": "о. Тасос",
      "nameEng": "isl. Thassos",
      "code": "TSS"
    },
    {
      "countryId": 29,
      "id": 915,
      "name": "Кавала",
      "nameEng": "Kavala",
      "code": "KVA"
    },
    {
      "countryId": 6228,
      "id": 968,
      "name": "Ереван",
      "nameEng": "Yerevan",
      "code": "EVN"
    },
    {
      "countryId": 29,
      "id": 974,
      "name": "о. Миконос",
      "nameEng": "isl. Mykonos",
      "code": "JMK"
    },
    {
      "countryId": 29,
      "id": 975,
      "name": "о. Эвия",
      "nameEng": "isl. Evia",
      "code": "EVI"
    },
    {
      "countryId": 29,
      "id": 986,
      "name": "о. Санторини",
      "nameEng": "isl. Santorini",
      "code": "JTR"
    },
    {
      "countryId": 5,
      "id": 1008,
      "name": "Львов",
      "nameEng": "Lviv",
      "code": "LWO"
    },
    {
      "countryId": 29,
      "id": 1018,
      "name": "о. Кос",
      "nameEng": "isl. Kos",
      "code": "KGS"
    },
    {
      "countryId": 29,
      "id": 1019,
      "name": "о. Закинф",
      "nameEng": "isl. Zakynthos",
      "code": "ZTH"
    },
    {
      "countryId": 5,
      "id": 1037,
      "name": "Черновцы",
      "nameEng": "Chernovtsy",
      "code": "CWC"
    },
    {
      "countryId": 5,
      "id": 1066,
      "name": "Ивано-Франковск",
      "nameEng": "Ivano-Frankovsk",
      "code": "IFO"
    },
    {
      "countryId": 29,
      "id": 1085,
      "name": "Волос",
      "nameEng": "Volos",
      "code": "VOL"
    },
    {
      "countryId": 375,
      "id": 1146,
      "name": "Гомель",
      "nameEng": "Gomel",
      "code": "GME"
    },
    {
      "countryId": 29,
      "id": 1190,
      "name": "о. Кефалония",
      "nameEng": "isl. Kefalonia",
      "code": "EFL"
    },
    {
      "countryId": 6234,
      "id": 1237,
      "name": "Кишинев",
      "nameEng": "Kishinev",
      "code": "KIV"
    },
    {
      "countryId": 6237,
      "id": 1238,
      "name": "Бари",
      "nameEng": "Bari",
      "code": "BRI"
    },
    {
      "countryId": 359,
      "id": 1303,
      "name": "София",
      "nameEng": "Sofia",
      "code": "SOF"
    },
    {
      "countryId": 6239,
      "id": 1309,
      "name": "Баку",
      "nameEng": "Baku",
      "code": "BAK"
    },
    {
      "countryId": 6226,
      "id": 1345,
      "name": "Рига",
      "nameEng": "Riga",
      "code": "RIX"
    },
    {
      "countryId": 6240,
      "id": 1357,
      "name": "Прага",
      "nameEng": "Prague",
      "code": "PRG"
    },
    {
      "countryId": 6241,
      "id": 1361,
      "name": "Вильнюс",
      "nameEng": "Vilnus",
      "code": "VNO"
    },
    {
      "countryId": 6269,
      "id": 1438,
      "name": "Нью Йорк",
      "nameEng": "New York",
      "code": "NYC"
    },
    {
      "countryId": 460,
      "id": 1464,
      "name": "К УДАЛЕНИЮ",
      "nameEng": "Chelyabinsk1 (arr fgom Ekaterinburg)",
      "code": ""
    },
    {
      "countryId": 460,
      "id": 1469,
      "name": "Минеральные Воды",
      "nameEng": "Mineralnye Vody",
      "code": "MRV"
    },
    {
      "countryId": 6252,
      "id": 1484,
      "name": "Тбилиси",
      "nameEng": "Tbilisi",
      "code": "TBS"
    },
    {
      "countryId": 6259,
      "id": 1520,
      "name": "Бишкек",
      "nameEng": "Bishkek",
      "code": ""
    },
    {
      "countryId": 29,
      "id": 1534,
      "name": "Ханья",
      "nameEng": "Chania",
      "code": "CHQ"
    },
    {
      "countryId": 6236,
      "id": 1575,
      "name": "OLD_Белград",
      "nameEng": "Belgrad",
      "code": "BEL"
    },
    {
      "countryId": 6258,
      "id": 1617,
      "name": "Ларнака",
      "nameEng": "Larnaka",
      "code": "LCA"
    },
    {
      "countryId": 3272,
      "id": 1631,
      "name": "Актау",
      "nameEng": "Aktau",
      "code": "SCO"
    },
    {
      "countryId": 3272,
      "id": 1671,
      "name": "Шымкент",
      "nameEng": "Shymkent",
      "code": ""
    },
    {
      "countryId": 460,
      "id": 1681,
      "name": "яя_Old_Челябинск",
      "nameEng": "Chelyabinsk",
      "code": "CEK"
    },
    {
      "countryId": 29,
      "id": 1703,
      "name": "Каламата",
      "nameEng": "Kalamata",
      "code": "KLX"
    },
    {
      "countryId": 29,
      "id": 1704,
      "name": "о. Самос",
      "nameEng": "isl. Samos",
      "code": "SMI"
    },
    {
      "countryId": 29,
      "id": 1705,
      "name": "о. Хиос",
      "nameEng": "isl. Chios",
      "code": "JKH"
    },
    {
      "countryId": 29,
      "id": 1722,
      "name": "о. Карпафос",
      "nameEng": "isl. Karpathos",
      "code": "AOK"
    },
    {
      "countryId": 6235,
      "id": 1768,
      "name": "Стамбул",
      "nameEng": "Istanbul",
      "code": "IST"
    },
    {
      "countryId": 29,
      "id": 1778,
      "name": "Араксос",
      "nameEng": "Araksos",
      "code": "GPA"
    },
    {
      "countryId": 6266,
      "id": 1783,
      "name": "Бухарест",
      "nameEng": "Bucharest",
      "code": "BUH"
    },
    {
      "countryId": 6264,
      "id": 1784,
      "name": "Варшава",
      "nameEng": "Warszawa",
      "code": "WAW"
    },
    {
      "countryId": 6251,
      "id": 1844,
      "name": "Дюссельдорф",
      "nameEng": "Dusseldorf",
      "code": "DUS"
    },
    {
      "countryId": 6251,
      "id": 1845,
      "name": "Франкфурт",
      "nameEng": "Frankfurt",
      "code": "FRA"
    },
    {
      "countryId": 6251,
      "id": 1859,
      "name": "Мюнхен",
      "nameEng": "Munich",
      "code": "MUC"
    },
    {
      "countryId": 6285,
      "id": 1894,
      "name": "Тирана",
      "nameEng": "Tirana",
      "code": "TIA"
    },
    {
      "countryId": 6272,
      "id": 1937,
      "name": "Хельсинки",
      "nameEng": "Helsinki",
      "code": "HEL"
    },
    {
      "countryId": 6256,
      "id": 1940,
      "name": "Барселона",
      "nameEng": "Barcelona ",
      "code": "BCN"
    },
    {
      "countryId": 6237,
      "id": 1971,
      "name": "Римини",
      "nameEng": "Rimini",
      "code": "RMI"
    },
    {
      "countryId": 6265,
      "id": 1972,
      "name": "о. Мадейра",
      "nameEng": "Madeira",
      "code": ""
    },
    {
      "countryId": 6236,
      "id": 2011,
      "name": "Белград",
      "nameEng": "Belgrade",
      "code": "BEG"
    },
    {
      "countryId": 6237,
      "id": 2063,
      "name": "Рим",
      "nameEng": "Rome",
      "code": "ROM"
    },
    {
      "countryId": 6273,
      "id": 2064,
      "name": "Париж",
      "nameEng": "Paris",
      "code": "PAR"
    },
    {
      "countryId": 29,
      "id": 2100,
      "name": "о. Кифира",
      "nameEng": "isl. Kythira",
      "code": "KIT"
    },
    {
      "countryId": 6246,
      "id": 2204,
      "name": "Вена",
      "nameEng": "Vienna",
      "code": "VIE"
    },
    {
      "countryId": 6249,
      "id": 2206,
      "name": "Лондон",
      "nameEng": "London",
      "code": "LON"
    },
    {
      "countryId": 6237,
      "id": 2210,
      "name": "Неаполь",
      "nameEng": "Naples",
      "code": "NAP"
    },
    {
      "countryId": 6291,
      "id": 2218,
      "name": "Каир",
      "nameEng": "Cairo",
      "code": "CAI"
    },
    {
      "countryId": 6305,
      "id": 2220,
      "name": "Пунта-Кана",
      "nameEng": "Punta-Cana",
      "code": ""
    },
    {
      "countryId": 6263,
      "id": 2222,
      "name": "Дубай",
      "nameEng": "Dubai",
      "code": "DXB"
    },
    {
      "countryId": 6269,
      "id": 2226,
      "name": "Орландо",
      "nameEng": "Orlando",
      "code": "ORL"
    },
    {
      "countryId": 6260,
      "id": 2228,
      "name": "Пекин",
      "nameEng": "Beijing",
      "code": "BJS"
    },
    {
      "countryId": 6320,
      "id": 2230,
      "name": "Мальта",
      "nameEng": "Malta",
      "code": "MLA"
    },
    {
      "countryId": 6324,
      "id": 2234,
      "name": "Mauritius",
      "nameEng": "Mauritius",
      "code": ""
    },
    {
      "countryId": 6302,
      "id": 2236,
      "name": "Пхукет",
      "nameEng": "Phuket",
      "code": "HKT"
    },
    {
      "countryId": 6250,
      "id": 2238,
      "name": "Будапешт",
      "nameEng": "Budapest",
      "code": "BUD"
    },
    {
      "countryId": 6258,
      "id": 2274,
      "name": "Пафос",
      "nameEng": "Paphos",
      "code": "PFO"
    },
    {
      "countryId": 6252,
      "id": 2376,
      "name": "Кутаиси",
      "nameEng": "Kutaisi",
      "code": "KUT"
    },
    {
      "countryId": 6252,
      "id": 2378,
      "name": "Батуми",
      "nameEng": "Batumi",
      "code": "BUS"
    },
    {
      "countryId": 6274,
      "id": 2444,
      "name": "Дубровник",
      "nameEng": "Dubrovnik",
      "code": "DBV"
    },
    {
      "countryId": 6242,
      "id": 2450,
      "name": "Тель-Авив",
      "nameEng": "Tel-Aviv",
      "code": ""
    },
    {
      "countryId": 6235,
      "id": 2472,
      "name": "Измир",
      "nameEng": "Izmir",
      "code": "IZM"
    },
    {
      "countryId": 6251,
      "id": 2499,
      "name": "Берлин",
      "nameEng": "Berlin",
      "code": "BER"
    },
    {
      "countryId": 6264,
      "id": 2501,
      "name": "Краков",
      "nameEng": "Krakow",
      "code": "KRK"
    },
    {
      "countryId": 6266,
      "id": 2645,
      "name": "Сату-Маре",
      "nameEng": "Satu Mare",
      "code": ""
    },
    {
      "countryId": 6266,
      "id": 2651,
      "name": "Бая-Маре",
      "nameEng": "Baia Mare",
      "code": ""
    },
    {
      "countryId": 6266,
      "id": 2663,
      "name": "Клуж-Напока",
      "nameEng": "Cluj Napoca",
      "code": "CLJ"
    },
    {
      "countryId": 6264,
      "id": 2935,
      "name": "Гданьск",
      "nameEng": "Gdansk",
      "code": "GDN"
    },
    {
      "countryId": 6264,
      "id": 3015,
      "name": "Катовице",
      "nameEng": "Katowice",
      "code": "KTW"
    },
    {
      "countryId": 6264,
      "id": 3119,
      "name": "Познань",
      "nameEng": "Poznan",
      "code": "POZ"
    },
    {
      "countryId": 6237,
      "id": 3326,
      "name": "Верона",
      "nameEng": "Verona",
      "code": "VRN"
    },
    {
      "countryId": 6237,
      "id": 3328,
      "name": "Милан",
      "nameEng": "Milan",
      "code": "MIL"
    },
    {
      "countryId": 6256,
      "id": 3335,
      "name": "Мадрид",
      "nameEng": "Madrid",
      "code": "MAD"
    },
    {
      "countryId": 6251,
      "id": 3339,
      "name": "Лейпциг",
      "nameEng": "Leipzig",
      "code": "LEJ"
    },
    {
      "countryId": 6251,
      "id": 3341,
      "name": "Гамбург",
      "nameEng": "Hamburg",
      "code": "HAM"
    },
    {
      "countryId": 6251,
      "id": 3343,
      "name": "Штутгарт",
      "nameEng": "Stuttgart",
      "code": "STR"
    },
    {
      "countryId": 6251,
      "id": 3345,
      "name": "Кельн",
      "nameEng": "Cologne",
      "code": "CGN"
    },
    {
      "countryId": 6251,
      "id": 3347,
      "name": "Ганновер",
      "nameEng": "Hannover",
      "code": "HAJ"
    },
    {
      "countryId": 6267,
      "id": 3351,
      "name": "Братислава",
      "nameEng": "Bratislava",
      "code": "BTS"
    },
    {
      "countryId": 6273,
      "id": 3367,
      "name": "Ницца",
      "nameEng": "Nice",
      "code": "NIC"
    },
    {
      "countryId": 6237,
      "id": 3373,
      "name": "Венеция",
      "nameEng": "Venice",
      "code": "VCE"
    },
    {
      "countryId": 6275,
      "id": 3375,
      "name": "Цюрих",
      "nameEng": "Zurich",
      "code": "ZRH"
    },
    {
      "countryId": 6237,
      "id": 3377,
      "name": "Катания",
      "nameEng": "Catania",
      "code": "CTA"
    },
    {
      "countryId": 6273,
      "id": 3823,
      "name": "Страсбург",
      "nameEng": "Strasbourg",
      "code": "SXB"
    },
    {
      "countryId": 6268,
      "id": 3839,
      "name": "Любляна",
      "nameEng": "Ljubljana",
      "code": "LJU"
    },
    {
      "countryId": 6256,
      "id": 3845,
      "name": "Севилья",
      "nameEng": "Sevilla",
      "code": "SVQ"
    },
    {
      "countryId": 6250,
      "id": 3847,
      "name": "Хевиз",
      "nameEng": "Heviz",
      "code": "HEV"
    },
    {
      "countryId": 6237,
      "id": 3911,
      "name": "Флоренция",
      "nameEng": "Florence",
      "code": "FLR"
    },
    {
      "countryId": 6237,
      "id": 3960,
      "name": "Бергамо",
      "nameEng": "Bergamo",
      "code": "BGY"
    },
    {
      "countryId": 6237,
      "id": 4000,
      "name": "Болонья",
      "nameEng": "Bologna",
      "code": "BLQ"
    },
    {
      "countryId": 6237,
      "id": 4060,
      "name": "Бриндизи",
      "nameEng": "Brindisi",
      "code": "BDS"
    },
    {
      "countryId": 6237,
      "id": 4104,
      "name": "Турин",
      "nameEng": "Torino ",
      "code": "TRN"
    },
    {
      "countryId": 6237,
      "id": 4146,
      "name": "Пиза",
      "nameEng": "Pisa",
      "code": "PSA"
    },
    {
      "countryId": 6237,
      "id": 4210,
      "name": "Генуя",
      "nameEng": "Genova",
      "code": "GOA"
    }
  ],
  "regions": [
    {
      "id": 42,
      "countryId": 29,
      "name": "Ситония ",
      "nameEng": "Sithonia"
    },
    {
      "id": 43,
      "countryId": 29,
      "name": "Салоники",
      "nameEng": "Thessaloniki"
    },
    {
      "id": 45,
      "countryId": 29,
      "name": "Афины",
      "nameEng": "Athens"
    },
    {
      "id": 50,
      "countryId": 29,
      "name": "Кассандра",
      "nameEng": "Kassandra"
    },
    {
      "id": 51,
      "countryId": 29,
      "name": "Афон",
      "nameEng": "Afon"
    },
    {
      "id": 52,
      "countryId": 29,
      "name": "Лутраки",
      "nameEng": "Loutraki"
    },
    {
      "id": 53,
      "countryId": 29,
      "name": "Глифада",
      "nameEng": "Glyfada"
    },
    {
      "id": 54,
      "countryId": 29,
      "name": "Вульягмени",
      "nameEng": "Vouliagmeni"
    },
    {
      "id": 55,
      "countryId": 29,
      "name": "Пелопоннес",
      "nameEng": "Peloponnese"
    },
    {
      "id": 56,
      "countryId": 29,
      "name": "Пиерия",
      "nameEng": "Pieria"
    },
    {
      "id": 57,
      "countryId": 359,
      "name": "Банско",
      "nameEng": "Bansko"
    },
    {
      "id": 58,
      "countryId": 29,
      "name": "Касторья",
      "nameEng": "Kastoria"
    },
    {
      "id": 59,
      "countryId": 29,
      "name": "о. Крит",
      "nameEng": "Crete"
    },
    {
      "id": 60,
      "countryId": 29,
      "name": "Враврона",
      "nameEng": "Vravrona"
    },
    {
      "id": 61,
      "countryId": 29,
      "name": "Рафина",
      "nameEng": "Rafina"
    },
    {
      "id": 62,
      "countryId": 29,
      "name": "Каламбака",
      "nameEng": "Kalambaka"
    },
    {
      "id": 63,
      "countryId": 29,
      "name": "о. Корфу",
      "nameEng": "Kerkira"
    },
    {
      "id": 64,
      "countryId": 29,
      "name": "Элунда",
      "nameEng": "Elounda"
    },
    {
      "id": 65,
      "countryId": 29,
      "name": "о. Тасос",
      "nameEng": "Tassos"
    },
    {
      "id": 66,
      "countryId": 29,
      "name": "Халкидики",
      "nameEng": "Chalkidiki"
    },
    {
      "id": 67,
      "countryId": 29,
      "name": "о. Родос",
      "nameEng": "Rhodes"
    },
    {
      "id": 68,
      "countryId": 29,
      "name": "Кавала",
      "nameEng": "Kavala"
    },
    {
      "id": 69,
      "countryId": 29,
      "name": "Варкиза",
      "nameEng": "Varkiza"
    },
    {
      "id": 70,
      "countryId": 29,
      "name": "Мати",
      "nameEng": "Mati"
    },
    {
      "id": 71,
      "countryId": 29,
      "name": "Аттика",
      "nameEng": "Attiki"
    },
    {
      "id": 72,
      "countryId": 29,
      "name": "Кинетта",
      "nameEng": "Kinetta"
    },
    {
      "id": 73,
      "countryId": 29,
      "name": "Пирей",
      "nameEng": "Piraios"
    },
    {
      "id": 74,
      "countryId": 29,
      "name": "о. Эвбея",
      "nameEng": "Evia"
    },
    {
      "id": 75,
      "countryId": 29,
      "name": "о. Миконос",
      "nameEng": "Mykonos"
    },
    {
      "id": 76,
      "countryId": 29,
      "name": "о. Санторини",
      "nameEng": "Santorini"
    },
    {
      "id": 77,
      "countryId": 29,
      "name": "о. Хиос",
      "nameEng": "Chios"
    },
    {
      "id": 78,
      "countryId": 29,
      "name": "о. Самос",
      "nameEng": "Samos"
    },
    {
      "id": 79,
      "countryId": 29,
      "name": "о. Скиафос",
      "nameEng": "Skiathos"
    },
    {
      "id": 80,
      "countryId": 29,
      "name": "о. Кефалонья",
      "nameEng": "Kefalonia"
    },
    {
      "id": 81,
      "countryId": 29,
      "name": "о. Наксос",
      "nameEng": "Naxos"
    },
    {
      "id": 82,
      "countryId": 29,
      "name": "о. Кос",
      "nameEng": "Kos"
    },
    {
      "id": 83,
      "countryId": 29,
      "name": "о. Закинф",
      "nameEng": "Zakinthos"
    },
    {
      "id": 84,
      "countryId": 29,
      "name": "о. Карпафос",
      "nameEng": "Karpathos"
    },
    {
      "id": 85,
      "countryId": 6240,
      "name": "Прага",
      "nameEng": "Prague"
    },
    {
      "id": 86,
      "countryId": 29,
      "name": "Пелла-Аридея",
      "nameEng": "Pella Aridea"
    },
    {
      "id": 87,
      "countryId": 29,
      "name": "Парнас",
      "nameEng": "Parnassos"
    },
    {
      "id": 88,
      "countryId": 29,
      "name": "Арахова",
      "nameEng": "Arahova"
    },
    {
      "id": 89,
      "countryId": 29,
      "name": "о. Калимнос",
      "nameEng": "o. Kalimnos"
    },
    {
      "id": 90,
      "countryId": 29,
      "name": "Этолоакарнания",
      "nameEng": "Aitoloakarnania"
    },
    {
      "id": 92,
      "countryId": 29,
      "name": "Алониссос",
      "nameEng": "Alonissos"
    },
    {
      "id": 93,
      "countryId": 29,
      "name": "Александрополис",
      "nameEng": "Alexandropolis"
    },
    {
      "id": 94,
      "countryId": 29,
      "name": "Андрос",
      "nameEng": "Andros"
    },
    {
      "id": 95,
      "countryId": 29,
      "name": "Аркадия",
      "nameEng": "Arkadia"
    },
    {
      "id": 96,
      "countryId": 29,
      "name": "Аспровалта",
      "nameEng": "Asprovalta"
    },
    {
      "id": 97,
      "countryId": 29,
      "name": "Волос",
      "nameEng": "Volos"
    },
    {
      "id": 98,
      "countryId": 29,
      "name": "Дельфы",
      "nameEng": "Delphi"
    },
    {
      "id": 99,
      "countryId": 29,
      "name": "о. Фолегандрос",
      "nameEng": "o. Folegandros"
    },
    {
      "id": 100,
      "countryId": 29,
      "name": "Драма",
      "nameEng": "Drama"
    },
    {
      "id": 101,
      "countryId": 29,
      "name": "Игуменица",
      "nameEng": "Igumenitsa"
    },
    {
      "id": 103,
      "countryId": 29,
      "name": "Карпениси",
      "nameEng": "Karpenisi"
    },
    {
      "id": 104,
      "countryId": 29,
      "name": "Патмос",
      "nameEng": "Patmos"
    },
    {
      "id": 105,
      "countryId": 29,
      "name": "Килкис",
      "nameEng": "Kilkis"
    },
    {
      "id": 106,
      "countryId": 29,
      "name": "Козани",
      "nameEng": "Kozani"
    },
    {
      "id": 107,
      "countryId": 29,
      "name": "Комотини ",
      "nameEng": "Komotini"
    },
    {
      "id": 108,
      "countryId": 29,
      "name": "Ксанти",
      "nameEng": "Xanthi"
    },
    {
      "id": 109,
      "countryId": 29,
      "name": "Лариса",
      "nameEng": "Larisa"
    },
    {
      "id": 110,
      "countryId": 29,
      "name": "Лефкада",
      "nameEng": "Lefkada"
    },
    {
      "id": 111,
      "countryId": 29,
      "name": "Мессолонги",
      "nameEng": "Messolonghi"
    },
    {
      "id": 112,
      "countryId": 29,
      "name": "Пердика",
      "nameEng": "Perdika"
    },
    {
      "id": 113,
      "countryId": 29,
      "name": "Милос",
      "nameEng": "Milos"
    },
    {
      "id": 115,
      "countryId": 29,
      "name": "Порос",
      "nameEng": "Poros"
    },
    {
      "id": 116,
      "countryId": 29,
      "name": "Превеза",
      "nameEng": "Preveza"
    },
    {
      "id": 117,
      "countryId": 29,
      "name": "Серрес",
      "nameEng": "Serres"
    },
    {
      "id": 118,
      "countryId": 29,
      "name": "Сивота",
      "nameEng": "Sivota"
    },
    {
      "id": 119,
      "countryId": 29,
      "name": "Фессалия",
      "nameEng": "Fessalia"
    },
    {
      "id": 120,
      "countryId": 29,
      "name": "о. Тинос",
      "nameEng": "Tinos"
    },
    {
      "id": 121,
      "countryId": 29,
      "name": "Эгина",
      "nameEng": "Aigina"
    },
    {
      "id": 122,
      "countryId": 29,
      "name": "Яннина",
      "nameEng": "Ioannina"
    },
    {
      "id": 123,
      "countryId": 29,
      "name": "Пелион",
      "nameEng": "Pelio"
    },
    {
      "id": 124,
      "countryId": 29,
      "name": "Иматия",
      "nameEng": "Imathia"
    },
    {
      "id": 125,
      "countryId": 29,
      "name": "Центральная Греция",
      "nameEng": "Central Greece"
    },
    {
      "id": 126,
      "countryId": 29,
      "name": "Фортуна",
      "nameEng": "Fortuna"
    },
    {
      "id": 128,
      "countryId": 6273,
      "name": "Париж",
      "nameEng": "Paris"
    },
    {
      "id": 130,
      "countryId": 29,
      "name": "Паралия Катерини",
      "nameEng": "Paralia Katerini"
    },
    {
      "id": 132,
      "countryId": 29,
      "name": "Агиа Триада",
      "nameEng": "Agia Triada"
    },
    {
      "id": 134,
      "countryId": 6273,
      "name": "Ницца",
      "nameEng": "Nice"
    },
    {
      "id": 136,
      "countryId": 6252,
      "name": "Тбилиси",
      "nameEng": "Tbilisi"
    },
    {
      "id": 138,
      "countryId": 6237,
      "name": "Рим-Венеция-Флоренция",
      "nameEng": "Rome-Venice-Florence"
    },
    {
      "id": 140,
      "countryId": 6237,
      "name": "о. Искья",
      "nameEng": null
    },
    {
      "id": 142,
      "countryId": 6237,
      "name": "Ривьера ди Улиссе",
      "nameEng": null
    },
    {
      "id": 144,
      "countryId": 6237,
      "name": "Валле д Аоста",
      "nameEng": null
    }
  ],
  "pansions": [
    {
      "id": 37,
      "name": "Bed and Breakfast NY",
      "code": "BBN",
      "nameEng": "Bed and Breakfast NY"
    },
    {
      "id": 39,
      "name": "Завтрак",
      "code": "BB",
      "nameEng": "Bed and Breakfast"
    },
    {
      "id": 43,
      "name": "Завтрак, ужин",
      "code": "HB",
      "nameEng": "Half Board"
    },
    {
      "id": 44,
      "name": "Всё включено",
      "code": "AL",
      "nameEng": "All Inclusive"
    },
    {
      "id": 45,
      "name": "Завтрак, обед, ужин",
      "code": "FB",
      "nameEng": "Full Board"
    },
    {
      "id": 47,
      "name": "Ультра всё включено",
      "code": "UL",
      "nameEng": "Ultra All Inclusive"
    },
    {
      "id": 48,
      "name": "Без питания",
      "code": "RR",
      "nameEng": "Room Rate"
    },
    {
      "id": 49,
      "name": "Завтрак, ужин (Premium)",
      "code": "PR",
      "nameEng": "Premium Half Board"
    },
    {
      "id": 50,
      "name": "Всё включено (mini)",
      "code": "ALm",
      "nameEng": "Mini All Inclusive"
    },
    {
      "id": 51,
      "name": "По программе",
      "code": "PRG",
      "nameEng": "By Program"
    },
    {
      "id": 52,
      "name": "Континентальный завтрак",
      "code": "BBc",
      "nameEng": "Continental breakfast"
    },
    {
      "id": 53,
      "name": "Американский завтрак",
      "code": "BBa",
      "nameEng": "American breakfast"
    },
    {
      "id": 54,
      "name": "Завтрак, ужин (Gourmet)",
      "code": "HBg",
      "nameEng": "Gourmet Half Board"
    },
    {
      "id": 55,
      "name": "Завтрак, ужин по меню",
      "code": "HBa",
      "nameEng": "Half Board a la carte"
    },
    {
      "id": 56,
      "name": "Всё включено (частично)",
      "code": "pAL",
      "nameEng": "All InclusivePartial"
    },
    {
      "id": 62,
      "name": "Завтрак, обед, ужин (Plus)",
      "code": "PFB",
      "nameEng": "Full Board Plus"
    },
    {
      "id": 63,
      "name": "Всё включено (Light)",
      "code": "LAL",
      "nameEng": "Light All Inclusive"
    },
    {
      "id": 64,
      "name": "Всё включено (Premium)",
      "code": "ALp",
      "nameEng": "All InclusivePremium"
    },
    {
      "id": 65,
      "name": "Всё включено + СПА",
      "code": "AIS",
      "nameEng": "All Inclusive+ SPA"
    },
    {
      "id": 66,
      "name": "Завтрак, ужин + СПА",
      "code": "HBS",
      "nameEng": "Half Board+ SPA"
    },
    {
      "id": 67,
      "name": "Всё включено (Gold)",
      "code": "ALg",
      "nameEng": "All Inclusive Gold"
    },
    {
      "id": 68,
      "name": "Завтрак, обед, ужин (Premium)",
      "code": "FBp",
      "nameEng": "Full Board Premium"
    },
    {
      "id": 69,
      "name": "Всё включено (Exclus)",
      "code": "ALe",
      "nameEng": "All Inclusive Exclusive"
    },
    {
      "id": 70,
      "name": "Гастрономическая неделя",
      "code": "WG",
      "nameEng": "Weekly Gastronomic"
    },
    {
      "id": 71,
      "name": "Premium Gastronomic",
      "code": "PG",
      "nameEng": "Premium Gastronomic"
    },
    {
      "id": 72,
      "name": "Завтрак, обед, ужин (VIP)",
      "code": "FBv",
      "nameEng": "Full Board VIP"
    },
    {
      "id": 73,
      "name": "Завтрак, ужин (VIP)",
      "code": "HBv",
      "nameEng": "Half Board VIP"
    },
    {
      "id": 74,
      "name": "Завтрак, обед, ужин по меню",
      "code": "FBa",
      "nameEng": "Full Board a la carte"
    },
    {
      "id": 75,
      "name": "Завтрак, обед, ужин и лечение",
      "code": "FBT",
      "nameEng": "Full Board & Treatment"
    },
    {
      "id": 76,
      "name": "Завтрак с шампанским",
      "code": "BCH",
      "nameEng": "Champagne Breakfast"
    },
    {
      "id": 77,
      "name": "Завтрак и лечение",
      "code": "BBT",
      "nameEng": "Bed& Breakfast & Treat"
    },
    {
      "id": 78,
      "name": "Завтрак, ужин и лечение",
      "code": "HBT",
      "nameEng": "Half Board & Treatment"
    },
    {
      "id": 79,
      "name": "Завтрак, ужин и лечение",
      "code": "HBT",
      "nameEng": "Half Board & Treatment"
    },
    {
      "id": 80,
      "name": "Ультра всё включено (Premium)",
      "code": "ULP",
      "nameEng": "All Ultra Premium"
    },
    {
      "id": 81,
      "name": "Всё включено (Smart)",
      "code": "sAL",
      "nameEng": "All Inclusive Smart"
    },
    {
      "id": 82,
      "name": "Завтрак, ужин (Plus)",
      "code": "pHB",
      "nameEng": "Half Board Plus"
    },
    {
      "id": 83,
      "name": "Ультра всё включено (Vip)",
      "code": "ALV",
      "nameEng": "All Inclusive Vip"
    },
    {
      "id": 84,
      "name": "Всё включено (Execut)",
      "code": "eAL",
      "nameEng": "All Inclusive Executive"
    },
    {
      "id": 86,
      "name": "Завтрак + Завтрак, ужин",
      "code": "MIX",
      "nameEng": "Bed and Breakfast + Half Board"
    },
    {
      "id": 88,
      "name": "Завтрак, обед, ужин (Beverage)",
      "code": "FBB",
      "nameEng": "Full Board Beverage"
    },
    {
      "id": 90,
      "name": "Ультра всё включено (Luxury)",
      "code": "ULL",
      "nameEng": "Ultra All Inclusive Luxury"
    },
    {
      "id": 92,
      "name": "Все алкогольные напитки",
      "code": "ALa",
      "nameEng": "All Alcoholic drink "
    },
    {
      "id": 94,
      "name": "Все безалкогольные напитки",
      "code": "ALn",
      "nameEng": "All Non Alcoholic"
    },
    {
      "id": 99,
      "name": "Art_pansion",
      "code": "AP",
      "nameEng": "Art_pansion"
    },
    {
      "id": 101,
      "name": "Завтрак, ужин (Ultra)",
      "code": "UHB",
      "nameEng": "Half Board Ultra"
    },
    {
      "id": 103,
      "name": "All inc, Dine Around",
      "code": "dAL",
      "nameEng": "All inc, Dine Around"
    },
    {
      "id": 105,
      "name": "Завтрак, Обед",
      "code": "HBm",
      "nameEng": "Breakfast and Lunch"
    },
    {
      "id": 107,
      "name": "Завтрак (Plus)",
      "code": "BBp",
      "nameEng": "Bed & Breakfast Plus"
    },
    {
      "id": 108,
      "name": "Super Ultra All +",
      "code": "SUA",
      "nameEng": "Super Ultra All +"
    },
    {
      "id": 109,
      "name": "BB+Lunch",
      "code": "HBL",
      "nameEng": "BB+Lunch"
    },
    {
      "id": 110,
      "name": "Programm",
      "code": "PRi",
      "nameEng": "Programm"
    },
    {
      "id": 111,
      "name": "Half Board Easter",
      "code": "HBe",
      "nameEng": "Half Board Easter"
    },
    {
      "id": 112,
      "name": "Half Board Beverage",
      "code": "HBB",
      "nameEng": "Half Board Beverage"
    },
    {
      "id": 113,
      "name": "All Inclusive Select",
      "code": "ALs",
      "nameEng": "All Inclusive Select"
    }
  ],
  "stars": [
    [
      {
        "id": 23,
        "name": "3",
        "nameEng": "3"
      },
      {
        "id": 56,
        "name": "2",
        "nameEng": "2"
      },
      {
        "id": 57,
        "name": "3",
        "nameEng": "3"
      },
      {
        "id": 58,
        "name": "4",
        "nameEng": "4"
      },
      {
        "id": 59,
        "name": "5",
        "nameEng": "5"
      },
      {
        "id": 61,
        "name": "2",
        "nameEng": "2"
      },
      {
        "id": 62,
        "name": "4",
        "nameEng": "4"
      },
      {
        "id": 68,
        "name": "Вилла",
        "nameEng": "Villa"
      },
      {
        "id": 69,
        "name": "Лайнер",
        "nameEng": "Cruise Ship"
      },
      {
        "id": 71,
        "name": "Лагерь",
        "nameEng": "Camp"
      },
      {
        "id": 74,
        "name": "Апартаменты",
        "nameEng": "Apartments"
      },
      {
        "id": 76,
        "name": "1",
        "nameEng": "1"
      },
      {
        "id": 77,
        "name": "Хостел",
        "nameEng": "Hostel"
      },
      {
        "id": 79,
        "name": "5",
        "nameEng": "5"
      },
      {
        "id": 80,
        "name": "Коттедж",
        "nameEng": "Guest House"
      },
      {
        "id": 105,
        "name": "Программа",
        "nameEng": "Program"
      },
      {
        "id": 111,
        "name": "Бутик-отель",
        "nameEng": "Boutique Hot"
      },
      {
        "id": 115,
        "name": "Санаторий",
        "nameEng": "Sanatorium"
      },
      {
        "id": 116,
        "name": "Снаторий",
        "nameEng": "Sanatorium"
      },
      {
        "id": 118,
        "name": "Теплоход",
        "nameEng": "Motorship"
      },
      {
        "id": 124,
        "name": "Апартотель",
        "nameEng": "Aparthotel"
      },
      {
        "id": 128,
        "name": "Клиника",
        "nameEng": "Clinic"
      },
      {
        "id": 134,
        "name": "Кемпинг",
        "nameEng": "Camping"
      },
      {
        "id": 138,
        "name": "Квартира",
        "nameEng": "Flat"
      },
      {
        "id": 139,
        "name": "Мезонета",
        "nameEng": "Maisonette"
      },
      {
        "id": 146,
        "name": "Rent-Villa",
        "nameEng": "Rent-Villa"
      },
      {
        "id": 149,
        "name": "Rent-Detache",
        "nameEng": "Rent-Detache"
      },
      {
        "id": 150,
        "name": "Rent-Townhou",
        "nameEng": "Rent-Townhou"
      },
      {
        "id": 153,
        "name": "Rent-Flat",
        "nameEng": "Rent-Flat"
      },
      {
        "id": 156,
        "name": "Residence",
        "nameEng": "Residence"
      },
      {
        "id": 157,
        "name": "Школа",
        "nameEng": "School"
      }
    ]
  ],
  "fasilities": [
    {
      "Id": 1,
      "CategoryName": "Бассейн"
    },
    {
      "Id": 2,
      "CategoryName": "Детская комната"
    },
    {
      "Id": 3,
      "CategoryName": "Детская площадка"
    },
    {
      "Id": 4,
      "CategoryName": "Детские горки"
    },
    {
      "Id": 5,
      "CategoryName": "Детский бассейн"
    },
    {
      "Id": 6,
      "CategoryName": "Детский клуб"
    },
    {
      "Id": 7,
      "CategoryName": "Интернет"
    },
    {
      "Id": 8,
      "CategoryName": "Конференц-зал"
    },
    {
      "Id": 9,
      "CategoryName": "Магазин"
    },
    {
      "Id": 10,
      "CategoryName": "Няня"
    },
    {
      "Id": 11,
      "CategoryName": "Обмен валюты"
    },
    {
      "Id": 12,
      "CategoryName": "Парикмахерская"
    },
    {
      "Id": 13,
      "CategoryName": "Сейф"
    },
    {
      "Id": 14,
      "CategoryName": "Теле-зал"
    },
    {
      "Id": 15,
      "CategoryName": "Химчистка/прачечная"
    },
    {
      "Id": 16,
      "CategoryName": "Анимация"
    },
    {
      "Id": 17,
      "CategoryName": "Бильярд"
    },
    {
      "Id": 18,
      "CategoryName": "Дискотека"
    },
    {
      "Id": 19,
      "CategoryName": "Шоу-программы"
    },
    {
      "Id": 20,
      "CategoryName": "Аэробика"
    },
    {
      "Id": 21,
      "CategoryName": "Водная гимнастика"
    },
    {
      "Id": 22,
      "CategoryName": "Водное поло"
    },
    {
      "Id": 23,
      "CategoryName": "Водные виды спорта"
    },
    {
      "Id": 24,
      "CategoryName": "Волейбол"
    },
    {
      "Id": 25,
      "CategoryName": "Дартс"
    },
    {
      "Id": 26,
      "CategoryName": "Мини-гольф"
    },
    {
      "Id": 27,
      "CategoryName": "Настольный теннис"
    },
    {
      "Id": 28,
      "CategoryName": "Пляжный волейбол"
    },
    {
      "Id": 29,
      "CategoryName": "Подводное плавание"
    },
    {
      "Id": 30,
      "CategoryName": "Теннис"
    },
    {
      "Id": 31,
      "CategoryName": "Футбол"
    },
    {
      "Id": 32,
      "CategoryName": "Бар"
    },
    {
      "Id": 33,
      "CategoryName": "Ресторан"
    },
    {
      "Id": 34,
      "CategoryName": "Таверна"
    },
    {
      "Id": 35,
      "CategoryName": "Песчано-галечный"
    },
    {
      "Id": 36,
      "CategoryName": "Кредитные карты"
    },
    {
      "Id": 37,
      "CategoryName": "Аппарат для приг. кофе"
    },
    {
      "Id": 38,
      "CategoryName": "Балкон/терраса"
    },
    {
      "Id": 39,
      "CategoryName": "Ванна/душ"
    },
    {
      "Id": 40,
      "CategoryName": "Кондиционер"
    },
    {
      "Id": 41,
      "CategoryName": "Музыкальный канал"
    },
    {
      "Id": 42,
      "CategoryName": "Спутниковое ТВ"
    },
    {
      "Id": 43,
      "CategoryName": "Телефон"
    },
    {
      "Id": 44,
      "CategoryName": "Фен"
    },
    {
      "Id": 45,
      "CategoryName": "Холодильник"
    },
    {
      "Id": 46,
      "CategoryName": "Сауна"
    },
    {
      "Id": 47,
      "CategoryName": "Водные горки"
    },
    {
      "Id": 48,
      "CategoryName": "Сквош"
    },
    {
      "Id": 49,
      "CategoryName": "Шахматы"
    },
    {
      "Id": 50,
      "CategoryName": "Пиццерия"
    },
    {
      "Id": 51,
      "CategoryName": "Галечный"
    },
    {
      "Id": 52,
      "CategoryName": "Песчаный пляж"
    },
    {
      "Id": 53,
      "CategoryName": "Зонтики"
    },
    {
      "Id": 54,
      "CategoryName": "Лежаки"
    },
    {
      "Id": 55,
      "CategoryName": "Халат"
    },
    {
      "Id": 57,
      "CategoryName": "Массаж"
    },
    {
      "Id": 58,
      "CategoryName": "Тренажёрный зал"
    },
    {
      "Id": 59,
      "CategoryName": "Фитнес-центр"
    },
    {
      "Id": 60,
      "CategoryName": "Баскетбол"
    },
    {
      "Id": 61,
      "CategoryName": "Водные лыжи"
    },
    {
      "Id": 62,
      "CategoryName": "Каноэ"
    },
    {
      "Id": 63,
      "CategoryName": "Катамаран"
    },
    {
      "Id": 64,
      "CategoryName": "Сёрфинг"
    },
    {
      "Id": 65,
      "CategoryName": "Кафе"
    },
    {
      "Id": 66,
      "CategoryName": "Пляжные полотенца"
    },
    {
      "Id": 67,
      "CategoryName": "Мини-бар"
    },
    {
      "Id": 68,
      "CategoryName": "Телевизор"
    },
    {
      "Id": 69,
      "CategoryName": "Водный велосипед"
    },
    {
      "Id": 70,
      "CategoryName": "Отель работает круглый год"
    },
    {
      "Id": 71,
      "CategoryName": "Радио"
    },
    {
      "Id": 72,
      "CategoryName": "Вид из номера"
    },
    {
      "Id": 73,
      "CategoryName": "Джакузи"
    },
    {
      "Id": 74,
      "CategoryName": "Кухня"
    },
    {
      "Id": 75,
      "CategoryName": "Отопление"
    },
    {
      "Id": 77,
      "CategoryName": "Барбекю"
    },
    {
      "Id": 78,
      "CategoryName": "CD/DVD проигрыватель"
    },
    {
      "Id": 79,
      "CategoryName": "Трансфер"
    },
    {
      "Id": 80,
      "CategoryName": "Велосипеды"
    },
    {
      "Id": 81,
      "CategoryName": "Российский канал"
    },
    {
      "Id": 82,
      "CategoryName": "Яхт-клуб"
    },
    {
      "Id": 83,
      "CategoryName": "Живая музыка"
    },
    {
      "Id": 84,
      "CategoryName": "Русскоязычный персонал"
    },
    {
      "Id": 85,
      "CategoryName": "Детская кроватка"
    },
    {
      "Id": 86,
      "CategoryName": "Керамическое покрытие"
    },
    {
      "Id": 87,
      "CategoryName": "Чайник"
    },
    {
      "Id": 88,
      "CategoryName": "Детское питание"
    },
    {
      "Id": 89,
      "CategoryName": "Верховая езда"
    },
    {
      "Id": 90,
      "CategoryName": "Кабинки"
    },
    {
      "Id": 91,
      "CategoryName": "Условия для инвалидов"
    },
    {
      "Id": 92,
      "CategoryName": "Дайвинг"
    },
    {
      "Id": 93,
      "CategoryName": "Мини-футбол"
    },
    {
      "Id": 94,
      "CategoryName": "Стрельба из лука"
    },
    {
      "Id": 96,
      "CategoryName": "Амфитеатр"
    },
    {
      "Id": 97,
      "CategoryName": "Салон красоты"
    },
    {
      "Id": 98,
      "CategoryName": "Стоматологич. кабинет"
    },
    {
      "Id": 99,
      "CategoryName": "Размещение с животными"
    },
    {
      "Id": 100,
      "CategoryName": "Бананасейлинг"
    },
    {
      "Id": 101,
      "CategoryName": "Парасейлинг"
    },
    {
      "Id": 103,
      "CategoryName": "Турецкая баня"
    },
    {
      "Id": 104,
      "CategoryName": "Гольф"
    },
    {
      "Id": 105,
      "CategoryName": "Солярий"
    },
    {
      "Id": 106,
      "CategoryName": "Ночной клуб"
    },
    {
      "Id": 107,
      "CategoryName": "Спортзал"
    },
    {
      "Id": 108,
      "CategoryName": "Игровые автоматы"
    },
    {
      "Id": 109,
      "CategoryName": "Видеосалон"
    },
    {
      "Id": 110,
      "CategoryName": "Ковровое покрытие"
    },
    {
      "Id": 111,
      "CategoryName": "Диетическое питание"
    },
    {
      "Id": 112,
      "CategoryName": "Столовая"
    },
    {
      "Id": 113,
      "CategoryName": "Мини-зоопарк"
    },
    {
      "Id": 114,
      "CategoryName": "Боулинг"
    },
    {
      "Id": 115,
      "CategoryName": "Вегетарианское питание"
    },
    {
      "Id": 116,
      "CategoryName": "Казино"
    },
    {
      "Id": 117,
      "CategoryName": "Бадминтон"
    },
    {
      "Id": 118,
      "CategoryName": "Прокат лодок"
    },
    {
      "Id": 120,
      "CategoryName": "Водные мотоциклы"
    },
    {
      "Id": 121,
      "CategoryName": "Кофейня"
    },
    {
      "Id": 123,
      "CategoryName": "Видео-игры"
    },
    {
      "Id": 129,
      "CategoryName": "Церковь"
    },
    {
      "Id": 130,
      "CategoryName": "Консьерж"
    },
    {
      "Id": 131,
      "CategoryName": "Ночной портье"
    },
    {
      "Id": 132,
      "CategoryName": "Почтовые услуги"
    },
    {
      "Id": 133,
      "CategoryName": "Аренда автомобиля"
    },
    {
      "Id": 134,
      "CategoryName": "Услуга \"будильник\""
    },
    {
      "Id": 135,
      "CategoryName": "Врач"
    },
    {
      "Id": 136,
      "CategoryName": "Бассейн олимпийских размеров"
    },
    {
      "Id": 137,
      "CategoryName": "Спа"
    },
    {
      "Id": 138,
      "CategoryName": "Размещение с животными не допускается"
    },
    {
      "Id": 139,
      "CategoryName": "Автостоянка"
    },
    {
      "Id": 140,
      "CategoryName": "Обслуживание номеров"
    },
    {
      "Id": 141,
      "CategoryName": "Нет условий для инвалидов"
    },
    {
      "Id": 142,
      "CategoryName": "Услуги для малышей"
    },
    {
      "Id": 143,
      "CategoryName": "Пристань"
    },
    {
      "Id": 144,
      "CategoryName": "1 береговая линия"
    },
    {
      "Id": 148,
      "CategoryName": "1 спальня"
    },
    {
      "Id": 149,
      "CategoryName": "2 спальни"
    },
    {
      "Id": 150,
      "CategoryName": "3 спальни"
    },
    {
      "Id": 151,
      "CategoryName": "4 спальни"
    },
    {
      "Id": 152,
      "CategoryName": "5+ спальни"
    },
    {
      "Id": 153,
      "CategoryName": "Deluxe"
    },
    {
      "Id": 154,
      "CategoryName": "Каменистый пляж"
    },
    {
      "Id": 155,
      "CategoryName": "Досуг/кружки/занятия"
    },
    {
      "Id": 157,
      "CategoryName": "Роскошный"
    },
    {
      "Id": 158,
      "CategoryName": "Бассейн с подогревом"
    },
    {
      "Id": 159,
      "CategoryName": "Детский клуб Grekoleto"
    },
    {
      "Id": 160,
      "CategoryName": "Вертолётная площадка"
    },
    {
      "Id": 161,
      "CategoryName": "Эксклюзивная недвижимость"
    },
    {
      "Id": 162,
      "CategoryName": "Выгодная цена"
    },
    {
      "Id": 163,
      "CategoryName": "<100 м"
    },
    {
      "Id": 164,
      "CategoryName": "100-300 м"
    },
    {
      "Id": 165,
      "CategoryName": ">300 м"
    },
    {
      "Id": 182,
      "CategoryName": "Языковая школа"
    }
  ]
}
